,text,POS_VERB,POS_NOUN,POS_ADJ,POS_ADV,POS_DET,POS_INTJ,POS_CONJ,POS_PART,POS_NUM,POS_PREP,POS_PRO,L_REF,L_HASHTAG,L_MENTION,L_RT,L_LINKS,L_CONT_A,L_FUNC_A,L_CONT_T,L_FUNC_T,L_PLURAL_NOUNS,L_SINGULAR_NOUNS,L_PROPER_NAME,L_PERSONAL_NAME,L_NOUN_PHRASES,L_PUNCT,L_PUNCT_DOT,L_PUNCT_COM,L_PUNCT_SEMC,L_PUNCT_COL,L_PUNCT_DASH,L_POSSESSIVES,L_ADJ_POSITIVE,L_ADJ_COMPARATIVE,L_ADJ_SUPERLATIVE,L_ADV_POSITIVE,L_ADV_COMPARATIVE,L_ADV_SUPERLATIVE,PS_CONTRADICTION,PS_AGREEMENT,PS_EXAMPLES,PS_CONSEQUENCE,PS_CAUSE,PS_LOCATION,PS_TIME,PS_CONDITION,PS_MANNER,SY_QUESTION,SY_NARRATIVE,SY_NEGATIVE_QUESTIONS,SY_SPECIAL_QUESTIONS,SY_TAG_QUESTIONS,SY_GENERAL_QUESTIONS,SY_EXCLAMATION,SY_IMPERATIVE,SY_SUBORD_SENT,SY_SUBORD_SENT_PUNCT,SY_COORD_SENT,SY_COORD_SENT_PUNCT,SY_SIMPLE_SENT,SY_INVERSE_PATTERNS,SY_SIMILE,SY_FRONTING,SY_IRRITATION,SY_INTENSIFIER,SY_QUOT,VT_PRESENT_SIMPLE,VT_PRESENT_PROGRESSIVE,VT_PRESENT_PERFECT,VT_PRESENT_PERFECT_PROGR,VT_PRESENT_SIMPLE_PASSIVE,VT_PRESENT_PROGR_PASSIVE,VT_PRESENT_PERFECT_PASSIVE,VT_PAST_SIMPLE,VT_PAST_SIMPLE_BE,VT_PAST_PROGR,VT_PAST_PERFECT,VT_PAST_PERFECT_PROGR,VT_PAST_SIMPLE_PASSIVE,VT_PAST_POGR_PASSIVE,VT_PAST_PERFECT_PASSIVE,VT_FUTURE_SIMPLE,VT_FUTURE_PROGRESSIVE,VT_FUTURE_PERFECT,VT_FUTURE_PERFECT_PROGR,VT_FUTURE_SIMPLE_PASSIVE,VT_FUTURE_PROGR_PASSIVE,VT_FUTURE_PERFECT_PASSIVE,VT_WOULD,VT_WOULD_PASSIVE,VT_WOULD_PROGRESSIVE,VT_WOULD_PERFECT,VT_WOULD_PERFECT_PASSIVE,VT_SHOULD,VT_SHOULD_PASSIVE,VT_SHALL,VT_SHALL_PASSIVE,VT_SHOULD_PROGRESSIVE,VT_SHOULD_PERFECT,VT_SHOULD_PERFECT_PASSIVE,VT_MUST,VT_MUST_PASSIVE,VT_MUST_PROGRESSIVE,VT_MUST_PERFECT,VT_MST_PERFECT_PASSIVE,VT_CAN,VT_CAN_PASSIVE,VT_COULD,VT_COULD_PASSIVE,VT_CAN_PROGRESSIVE,VT_COULD_PROGRESSIVE,VT_COULD_PERFECT,VT_COULD_PERFECT_PASSIVE,VT_MAY,VT_MAY_PASSIVE,VT_MIGHT,VT_MIGHT_PASSIVE,VT_MAY_PROGRESSIVE,VT_MIGTH_PERFECT,VT_MIGHT_PERFECT_PASSIVE,VT_MAY_PERFECT_PASSIVE,ST_TYPE_TOKEN_RATIO_LEMMAS,ST_HERDAN_TTR,ST_MASS_TTR,ST_SENT_WRDSPERSENT,ST_SENT_DIFFERENCE,ST_REPETITIONS_WORDS,ST_REPETITIONS_SENT,ST_SENT_D_VP,ST_SENT_D_NP,ST_SENT_D_PP,ST_SENT_D_ADJP,ST_SENT_D_ADVP,L_I_PRON,L_HE_PRON,L_SHE_PRON,L_IT_PRON,L_YOU_PRON,L_WE_PRON,L_THEY_PRON,L_ME_PRON,L_YOU_OBJ_PRON,L_HIM_PRON,L_HER_OBJECT_PRON,L_IT_OBJECT_PRON,L_US_PRON,L_THEM_PRON,L_MY_PRON,L_YOUR_PRON,L_HIS_PRON,L_HER_PRON,L_ITS_PRON,L_OUR_PRON,L_THEIR_PRON,L_YOURS_PRON,L_THEIRS_PRON,L_HERS_PRON,L_OURS_PRON,L_MYSELF_PRON,L_YOURSELF_PRON,L_HIMSELF_PRON,L_HERSELF_PRON,L_ITSELF_PRON,L_OURSELVES_PRON,L_YOURSELVES_PRON,L_THEMSELVES_PRON,L_FIRST_PERSON_SING_PRON,L_SECOND_PERSON_PRON,L_THIRD_PERSON_SING_PRON,L_THIRD_PERSON_PLURAL_PRON,VF_INFINITIVE,G_PASSIVE,G_ACTIVE,G_PRESENT,G_PAST,G_FUTURE,G_MODALS_SIMPLE,G_MODALS_CONT,G_MODALS_PERFECT,AN,DDP,SVP,CDS,DDF,IS,PS,RE,ASF,ASM,OM,RCI,DMC,OR,QAS,PA,PR
0,"The story centers on Charles, the husband of Alice, who is visiting his new estate.","['centers', 'is', 'visiting']","['story', 'husband', 'estate']",['new'],[],"['The', 'the']",[],[],[],[],"['on', 'of']","['who', 'his']",[],[],[],[],[],"['story', 'centers', 'Charles', 'husband', 'Alice', 'visiting', 'new', 'estate']","['The', 'on', 'the', 'of', 'who', 'is', 'his']",{},{},[],"['story', 'husband', 'estate']","['Charles', 'Alice']","['Charles', 'Alice']","['The', 'story', 'Charles', 'the', 'husband', 'Alice', 'who', 'his', 'new', 'estate']","[',', ',', '.']",['.'],"[',', ',']",[],[],[],[],['new'],[],[],[],[],[],[],[],['is'],[],"['The', 'The', 'The', 'The', 'The', 'The', 'the', 'the', 'the', 'the', 'the', 'the', 'of', 'of']",['on'],"['The', 'the', 'of']",[],[],[],"['The', 'story', 'centers', 'on', 'Charles,', 'the', 'husband', 'of', 'Alice,', 'who', 'is', 'visiting', 'his', 'new', 'estate.']",[],[],[],set(),set(),set(),[],[],[],[],"['The', 'story', 'centers', 'on', 'Charles,', 'the', 'husband', 'of', 'Alice,', 'who', 'is', 'visiting', 'his', 'new', 'estate.']",[],[],[],[],[],[],['centers'],"['is', 'visiting']",[],[],[],[],[],[],[],[],[],[],[],[],[],[],[],[],[],[],[],[],[],[],[],[],[],[],[],[],[],[],[],[],[],[],[],[],[],[],[],[],[],[],[],[],[],[],[],[],[],[],[],[],[],{},{},{},{},{},{},{},"['The', 'story', 'on', 'Charles', ',', 'the', 'husband', 'of', 'Alice', ',', 'who', 'his', 'new', 'estate', '.']","['The', 'story', 'Charles', 'the', 'husband', 'Alice', 'who', 'his', 'new', 'estate']",{},{},{},[],[],[],[],[],[],[],[],[],[],[],[],[],[],[],[],['his'],[],[],[],[],[],[],[],[],[],[],[],[],[],[],[],[],[],[],['his'],[],[],[],"['centers', 'is', 'visiting']","['centers', 'is', 'visiting']",[],[],[],[],[],[],[],[],"['story', 'new']",[],[],[],[],[],[],[],[],[],[],"['The', 'story', 'the']",[],[]
1,He insists that she stay in the chateau while he travels to Paris on business.,"['insists', 'stay', 'travels']","['chateau', 'business']",[],[],['the'],[],"['that', 'while']",[],[],"['that', 'in', 'while', 'to', 'on']","['He', 'she', 'he']",[],[],[],[],[],"['insists', 'stay', 'chateau', 'travels', 'Paris', 'business']","['He', 'that', 'she', 'in', 'the', 'while', 'he', 'to', 'on']",{},{},[],"['chateau', 'business']",['Paris'],[],"['He', 'she', 'the', 'chateau', 'he', 'Paris', 'business']",['.'],['.'],[],[],[],[],[],[],[],[],[],[],[],[],[],[],[],"['that', 'that', 'that', 'that', 'that', 'that', 'that', 'that', 'that', 'that', 'in', 'in', 'in', 'in', 'in', 'in', 'in', 'in', 'the', 'the', 'the', 'the', 'the', 'the', 'to', 'to', 'to', 'to', 'to']",['on'],"['the', 'to']","['that', 'in']",[],[],"['He', 'insists', 'that', 'she', 'stay', 'in', 'the', 'chateau', 'while', 'he', 'travels', 'to', 'Paris', 'on', 'business.']",[],[],[],set(),set(),set(),"['He', 'insists', 'that', 'she', 'stay', 'in', 'the', 'chateau', 'while', 'he', 'travels', 'to', 'Paris', 'on', 'business.']",['.'],[],[],[],[],[],[],[],[],[],"['insists', 'travels']",[],[],[],[],[],[],[],[],[],[],[],[],[],[],[],[],[],[],[],[],[],[],[],[],[],[],[],[],[],[],[],[],[],[],[],[],[],[],[],[],[],[],[],[],[],[],[],[],[],[],[],[],[],[],{},{},{},{},{},{},{},"['He', 'that', 'she', 'stay', 'in', 'the', 'chateau', 'while', 'he', 'to', 'Paris', 'on', 'business', '.']","['He', 'she', 'the', 'chateau', 'he', 'Paris', 'business']",{},{},{},[],"['He', 'he']",['she'],[],[],[],[],[],[],[],[],[],[],[],[],[],[],[],[],[],[],[],[],[],[],[],[],[],[],[],[],[],[],[],[],"['He', 'she', 'he']",[],['stay'],[],"['insists', 'travels']","['insists', 'travels']",[],[],[],[],[],[],[],[],[],[],[],[],[],[],[],[],[],[],[],"['the', 'business']",[],[]
2,"Charles abruptly ends his trip and returns home, surprising Alice.","['ends', 'returns', 'surprising']",['trip'],[],"['abruptly', 'home']",[],[],['and'],[],[],[],['his'],[],[],[],[],[],"['Charles', 'abruptly', 'ends', 'trip', 'returns', 'home', 'surprising', 'Alice']","['his', 'and']",{},{},[],['trip'],"['Charles', 'Alice']","['Charles', 'Alice']","['Charles', 'his', 'trip', 'Alice']","[',', '.']",['.'],"[',']",[],[],[],[],[],[],[],"['abruptly', 'home']","['abruptly', 'home']","['abruptly', 'home']",[],[],[],[],[],['and'],[],[],[],[],"['Charles', 'abruptly', 'ends', 'his', 'trip', 'and', 'returns', 'home,', 'surprising', 'Alice.']",[],[],[],set(),set(),set(),[],[],"['Charles', 'abruptly', 'ends', 'his', 'trip', 'and', 'returns', 'home,', 'surprising', 'Alice.']","[',', '.']",[],[],[],[],[],[],[],"['ends', 'returns']",[],[],[],[],[],[],[],[],[],[],[],[],[],[],[],[],[],[],[],[],[],[],[],[],[],[],[],[],[],[],[],[],[],[],[],[],[],[],[],[],[],[],[],[],[],[],[],[],[],[],[],[],[],[],{},{},{},{},{},{},{},"['Charles', 'abruptly', 'his', 'trip', 'and', 'home', ',', 'surprising', 'Alice', '.']","['Charles', 'his', 'trip', 'Alice']",{},{},{},[],[],[],[],[],[],[],[],[],[],[],[],[],[],[],[],['his'],[],[],[],[],[],[],[],[],[],[],[],[],[],[],[],[],[],[],['his'],[],[],[],"['ends', 'returns']","['ends', 'returns']",[],[],[],[],[],[],[],[],[],[],[],[],[],[],[],[],[],[],[],[],[],[]
3,"He announces that he has sold the estate, and they will have to leave at once.","['announces', 'has', 'sold', 'will', 'have', 'leave']",['estate'],[],['once'],['the'],[],"['that', 'and']",['to'],[],"['that', 'at']","['He', 'he', 'they']",[],[],[],[],[],"['announces', 'sold', 'estate', 'leave']","['He', 'that', 'he', 'has', 'the', 'and', 'they', 'will', 'have', 'to', 'at', 'once']",{},{},[],['estate'],[],[],"['He', 'he', 'the', 'estate', 'they']","[',', '.']",['.'],"[',']",[],[],[],[],[],[],[],['once'],['once'],['once'],[],[],[],[],"['that', 'that', 'that', 'that', 'that', 'that', 'that', 'that', 'that', 'that', 'the', 'the', 'the', 'the', 'the', 'the', 'to', 'to', 'to', 'to', 'to']",['and'],"['the', 'to', 'at', 'once']",['that'],[],[],"['He', 'announces', 'that', 'he', 'has', 'sold', 'the', 'estate,', 'and', 'they', 'will', 'have', 'to', 'leave', 'at', 'once.']",[],[],[],set(),set(),set(),"['He', 'announces', 'that', 'he', 'has', 'sold', 'the', 'estate,', 'and', 'they', 'will', 'have', 'to', 'leave', 'at', 'once.']","[',', '.']","['He', 'announces', 'that', 'he', 'has', 'sold', 'the', 'estate,', 'and', 'they', 'will', 'have', 'to', 'leave', 'at', 'once.']","[',', '.']",[],[],[],[],[],[],[],['announces'],[],"['has', 'sold']",[],[],[],[],[],[],[],[],[],[],[],[],"['will', 'have']",[],[],[],[],[],[],[],[],[],[],[],[],[],[],[],[],[],[],[],[],[],[],[],[],[],[],[],[],[],[],[],[],[],[],[],[],[],[],[],{},{},{},{},{},{},{},"['He', 'that', 'he', 'the', 'estate', ',', 'and', 'they', 'to', 'leave', 'at', 'once', '.']","['He', 'he', 'the', 'estate', 'they']",{},{},{},[],"['He', 'he']",[],[],[],[],['they'],[],[],[],[],[],[],[],[],[],[],[],[],[],[],[],[],[],[],[],[],[],[],[],[],[],[],[],[],"['He', 'he']",['they'],"['have', 'leave']",[],"['announces', 'has', 'sold', 'will', 'have']","['announces', 'has', 'sold']",[],"['will', 'have']",[],[],[],[],[],[],[],[],[],[],[],[],[],[],[],[],[],['the'],[],[]
4,Then he hands Alice a key he says he found on the path leading to the chateau.,"['hands', 'says', 'found', 'leading']","['key', 'path', 'chateau']",[],['Then'],"['a', 'the', 'the']",[],[],[],[],"['on', 'to']","['he', 'he', 'he']",[],[],[],[],[],"['hands', 'Alice', 'key', 'says', 'found', 'path', 'leading', 'chateau']","['Then', 'he', 'a', 'he', 'he', 'on', 'the', 'to', 'the']",{},{},[],"['key', 'path', 'chateau']",['Alice'],['Alice'],"['he', 'Alice', 'a', 'key', 'he', 'he', 'the', 'path', 'the', 'chateau']",['.'],['.'],[],[],[],[],[],[],[],[],['Then'],['Then'],['Then'],[],[],['key'],[],"['the', 'the', 'the', 'the', 'the', 'the', 'to', 'to', 'to', 'to', 'to', 'the', 'the', 'the', 'the', 'the', 'the']",['on'],"['Then', 'a', 'the', 'to', 'the']",[],[],[],"['Then', 'he', 'hands', 'Alice', 'a', 'key', 'he', 'says', 'he', 'found', 'on', 'the', 'path', 'leading', 'to', 'the', 'chateau.']",[],[],[],set(),set(),set(),[],[],[],[],"['Then', 'he', 'hands', 'Alice', 'a', 'key', 'he', 'says', 'he', 'found', 'on', 'the', 'path', 'leading', 'to', 'the', 'chateau.']",[],[],[],[],[],[],"['hands', 'says']",[],[],[],[],[],[],['found'],[],[],[],[],[],[],[],[],[],[],[],[],[],[],[],[],[],[],[],[],[],[],[],[],[],[],[],[],[],[],[],[],[],[],[],[],[],[],[],[],[],[],[],[],[],[],[],{},{},{},{},{},{},{},"['Then', 'he', 'Alice', 'a', 'key', 'he', 'he', 'on', 'the', 'path', 'leading', 'to', 'the', 'chateau', '.']","['he', 'Alice', 'a', 'key', 'he', 'he', 'the', 'path', 'the', 'chateau']",{},{},{},[],"['he', 'he', 'he']",[],[],[],[],[],[],[],[],[],[],[],[],[],[],[],[],[],[],[],[],[],[],[],[],[],[],[],[],[],[],[],[],[],"['he', 'he', 'he']",[],[],[],"['hands', 'says', 'found']","['hands', 'says']",['found'],[],[],[],[],[],[],[],[],[],[],[],[],[],[],[],[],[],[],"['the', 'the']",[],[]
5,"Alice rejoices at the news of their departure, but is perplexed by the key.","['rejoices', 'is', 'perplexed']","['news', 'departure', 'key']",[],[],"['the', 'the']",[],['but'],[],[],"['at', 'of', 'by']",['their'],[],[],[],[],[],"['Alice', 'rejoices', 'news', 'departure', 'perplexed', 'key']","['at', 'the', 'of', 'their', 'but', 'is', 'by', 'the']",{},{},[],"['news', 'departure', 'key']",['Alice'],['Alice'],"['Alice', 'the', 'news', 'their', 'departure', 'the', 'key']","[',', '.']",['.'],"[',']",[],[],[],[],[],[],[],[],[],[],[],['but'],"['is', 'key']",[],"['the', 'the', 'the', 'the', 'the', 'the', 'of', 'of', 'the', 'the', 'the', 'the', 'the', 'the']",[],"['at', 'the', 'of', 'by', 'the']",[],[],[],"['Alice', 'rejoices', 'at', 'the', 'news', 'of', 'their', 'departure,', 'but', 'is', 'perplexed', 'by', 'the', 'key.']",[],[],[],set(),set(),set(),[],[],"['Alice', 'rejoices', 'at', 'the', 'news', 'of', 'their', 'departure,', 'but', 'is', 'perplexed', 'by', 'the', 'key.']","[',', '.']",[],[],[],[],[],[],[],['rejoices'],[],[],[],"['is', 'perplexed']",[],[],[],[],[],[],[],[],[],[],[],[],[],[],[],[],[],[],[],[],[],[],[],[],[],[],[],[],[],[],[],[],[],[],[],[],[],[],[],[],[],[],[],[],[],[],[],[],[],[],{},{},{},{},{},{},{},"['Alice', 'at', 'the', 'news', 'of', 'their', 'departure', ',', 'but', 'by', 'the', 'key', '.']","['Alice', 'the', 'news', 'their', 'departure', 'the', 'key']",{},{},{},[],[],[],[],[],[],[],[],[],[],[],[],[],[],[],[],[],[],[],[],['their'],[],[],[],[],[],[],[],[],[],[],[],[],[],[],[],['their'],[],"['is', 'perplexed']",['rejoices'],"['rejoices', 'is', 'perplexed']",[],[],[],[],[],[],[],[],[],[],[],[],[],[],[],[],[],[],[],"['the', 'the']",[],[]
6,"Charles vehemently tells her to discard it, but she cannot bring herself to throw it away.","['tells', 'discard', 'can', 'bring', 'throw']",[],[],"['vehemently', 'away']",[],[],['but'],"['to', 'not', 'to']",[],[],"['her', 'it', 'she', 'herself', 'it']",[],[],[],[],[],"['Charles', 'vehemently', 'tells', 'discard', 'bring', 'throw', 'away']","['her', 'to', 'it', 'but', 'she', 'can', 'not', 'herself', 'to', 'it']",{},{},[],[],['Charles'],['Charles'],"['Charles', 'her', 'it', 'she', 'herself', 'it']","[',', '.']",['.'],"[',']",[],[],[],[],[],[],[],"['vehemently', 'not', 'away']","['vehemently', 'away']","['vehemently', 'away']",[],"['but', 'not']","['it', 'it']",[],"['to', 'to', 'to', 'to', 'to', 'to', 'to', 'to', 'to', 'to']",[],"['to', 'to']",[],[],[],"['Charles', 'vehemently', 'tells', 'her', 'to', 'discard', 'it,', 'but', 'she', 'cannot', 'bring', 'herself', 'to', 'throw', 'it', 'away.']",[],[],[],set(),set(),set(),[],[],"['Charles', 'vehemently', 'tells', 'her', 'to', 'discard', 'it,', 'but', 'she', 'cannot', 'bring', 'herself', 'to', 'throw', 'it', 'away.']","[',', '.']",[],[],[],[],[],[],[],['tells'],[],[],[],[],[],[],[],[],[],[],[],[],[],[],[],[],[],[],[],[],[],[],[],[],[],[],[],[],[],[],[],[],[],[],[],[],[],[],"['can', 'bring']",[],[],[],[],[],[],[],[],[],[],[],[],[],[],[],{},{},{},{},{},{},{},"['Charles', 'vehemently', 'her', 'to', 'discard', 'it', ',', 'but', 'she', 'can', 'not', 'bring', 'herself', 'to', 'throw', 'it', 'away', '.']","['Charles', 'her', 'it', 'she', 'herself', 'it']",{},{},{},[],[],['she'],[],[],[],[],[],[],[],['her'],"['it', 'it']",[],[],[],[],[],[],[],[],[],[],[],[],[],[],[],[],['herself'],[],[],[],[],[],[],"['her', 'it', 'she', 'herself', 'it']",[],"['discard', 'bring', 'throw']",[],['tells'],['tells'],[],[],"['can', 'bring']",[],[],[],[],[],['can'],[],[],[],[],[],[],['can'],[],[],[],[],[],[]
7,"Later, while exploring the chateau, she discovers a room that is locked.","['exploring', 'discovers', 'is', 'locked']","['chateau', 'room']",[],['Later'],"['the', 'a']",[],['while'],[],[],['while'],"['she', 'that']",[],[],[],[],[],"['Later', 'exploring', 'chateau', 'discovers', 'room', 'locked']","['while', 'the', 'she', 'a', 'that', 'is']",{},{},[],"['chateau', 'room']",[],[],"['the', 'chateau', 'she', 'a', 'room', 'that']","[',', ',', '.']",['.'],"[',', ',']",[],[],[],[],[],['Later'],[],[],['Later'],[],[],[],['is'],[],"['the', 'the', 'the', 'the', 'the', 'the', 'that', 'that', 'that', 'that', 'that', 'that', 'that', 'that', 'that', 'that']",[],"['Later', 'the', 'a']",['that'],[],[],"['Later,', 'while', 'exploring', 'the', 'chateau,', 'she', 'discovers', 'a', 'room', 'that', 'is', 'locked.']",[],[],[],set(),set(),set(),"['Later,', 'while', 'exploring', 'the', 'chateau,', 'she', 'discovers', 'a', 'room', 'that', 'is', 'locked.']","[',', ',', '.']",[],[],[],[],[],"['Later,', 'while', 'exploring', 'the', 'chateau,', 'she', 'discovers', 'a', 'room', 'that', 'is', 'locked.']",[],[],[],['discovers'],[],[],[],"['is', 'locked']",[],[],[],[],[],[],[],[],[],[],[],[],[],[],[],[],[],[],[],[],[],[],[],[],[],[],[],[],[],[],[],[],[],[],[],[],[],[],[],[],[],[],[],[],[],[],[],[],[],[],{},{},{},{},{},{},{},"['Later', ',', 'while', 'exploring', 'the', 'chateau', ',', 'she', 'a', 'room', 'that', '.']","['the', 'chateau', 'she', 'a', 'room', 'that']",{},{},{},[],[],['she'],[],[],[],[],[],[],[],[],[],[],[],[],[],[],[],[],[],[],[],[],[],[],[],[],[],[],[],[],[],[],[],[],['she'],[],[],"['is', 'locked']",['discovers'],"['discovers', 'is', 'locked']",[],[],[],[],[],[],[],[],[],[],[],[],[],[],[],[],[],[],[],['the'],[],[]
8,"Curiosity gets the better of her, and she tries the key.","['gets', 'tries']","['Curiosity', 'key']",['better'],[],"['the', 'the']",[],['and'],[],[],['of'],"['her', 'she']",[],[],[],[],[],"['Curiosity', 'gets', 'tries', 'key']","['the', 'better', 'of', 'her', 'and', 'she', 'the']",{},{},[],"['Curiosity', 'key']",[],[],"['Curiosity', 'her', 'she', 'the', 'key']","[',', '.']",['.'],"[',']",[],[],[],[],[],['better'],[],[],[],[],[],[],['key'],[],"['the', 'the', 'the', 'the', 'the', 'the', 'of', 'of', 'the', 'the', 'the', 'the', 'the', 'the']",['and'],"['the', 'of', 'the']",[],[],[],"['Curiosity', 'gets', 'the', 'better', 'of', 'her,', 'and', 'she', 'tries', 'the', 'key.']",[],[],[],set(),set(),set(),[],[],"['Curiosity', 'gets', 'the', 'better', 'of', 'her,', 'and', 'she', 'tries', 'the', 'key.']","[',', '.']",[],[],[],[],[],[],[],"['gets', 'tries']",[],[],[],[],[],[],[],[],[],[],[],[],[],[],[],[],[],[],[],[],[],[],[],[],[],[],[],[],[],[],[],[],[],[],[],[],[],[],[],[],[],[],[],[],[],[],[],[],[],[],[],[],[],[],{},{},{},{},{},{},{},"['Curiosity', 'the', 'better', 'of', 'her', ',', 'and', 'she', 'the', 'key', '.']","['Curiosity', 'her', 'she', 'the', 'key']",{},{},{},[],[],['she'],[],[],[],[],[],[],[],['her'],[],[],[],[],[],[],[],[],[],[],[],[],[],[],[],[],[],[],[],[],[],[],[],[],"['her', 'she']",[],[],[],"['gets', 'tries']","['gets', 'tries']",[],[],[],[],[],[],[],[],[],[],[],[],[],[],[],[],[],[],[],"['the', 'the']",[],[]
9,It fits!,['fits'],[],[],[],[],[],[],[],[],[],['It'],[],[],[],[],[],['fits'],['It'],{},{},[],[],[],[],['It'],['!'],[],[],[],[],[],[],[],[],[],[],[],[],[],[],['It'],[],[],[],[],[],[],[],[],[],[],[],set(),"{'fits!', 'It'}",set(),[],[],[],[],"['It', 'fits!']",[],[],[],[],[],[],['fits'],[],[],[],[],[],[],[],[],[],[],[],[],[],[],[],[],[],[],[],[],[],[],[],[],[],[],[],[],[],[],[],[],[],[],[],[],[],[],[],[],[],[],[],[],[],[],[],[],[],[],[],[],[],[],{},{},{},{},{},{},{},"['It', '!']",['It'],{},{},{},[],[],[],['It'],[],[],[],[],[],[],[],[],[],[],[],[],[],[],[],[],[],[],[],[],[],[],[],[],[],[],[],[],[],[],[],['It'],[],[],[],['fits'],['fits'],[],[],[],[],[],[],[],[],[],[],[],[],[],[],[],[],[],[],[],[],[],[]
10,Alice is shocked to discover the room is full of blood-stained weapons and dead bodies.,"['is', 'shocked', 'discover', 'is', 'stained']","['room', 'blood', 'weapons', 'bodies']","['full', 'dead']",[],['the'],[],['and'],['to'],[],['of'],[],[],[],[],[],[],"['Alice', 'shocked', 'discover', 'room', 'full', 'blood', 'stained', 'weapons', 'dead', 'bodies']","['is', 'to', 'the', 'is', 'of', 'and']",{},{},"['weapons', 'bodies']","['room', 'blood']",['Alice'],['Alice'],"['Alice', 'the', 'room', 'blood', '-', 'stained', 'weapons', 'dead', 'bodies']","['-', '.']",['.'],[],[],[],[],[],"['full', 'dead']",['full'],[],[],[],[],[],[],"['is', 'is']",[],"['to', 'to', 'to', 'to', 'to', 'the', 'the', 'the', 'the', 'the', 'the', 'of', 'of']",['and'],"['to', 'the', 'of']",[],[],[],"['Alice', 'is', 'shocked', 'to', 'discover', 'the', 'room', 'is', 'full', 'of', 'blood-stained', 'weapons', 'and', 'dead', 'bodies.']",[],[],[],set(),set(),set(),[],[],"['Alice', 'is', 'shocked', 'to', 'discover', 'the', 'room', 'is', 'full', 'of', 'blood-stained', 'weapons', 'and', 'dead', 'bodies.']","['-', '.']",[],"['Alice', 'is', 'shocked', 'to', 'discover', 'the', 'room', 'is', 'full', 'of', 'blood-stained', 'weapons', 'and', 'dead', 'bodies.']",[],[],[],[],[],"['is', 'is']",[],[],[],[],[],[],[],[],[],[],[],[],[],[],[],[],[],[],[],[],[],[],[],[],[],[],[],[],[],[],[],[],[],[],[],[],[],[],[],[],[],[],[],[],[],[],[],[],[],[],[],[],[],[],{},{},{},{},{},{},{},"['Alice', 'shocked', 'to', 'discover', 'the', 'room', 'full', 'of', 'blood', '-', 'stained', 'weapons', 'and', 'dead', 'bodies', '.']","['Alice', 'the', 'room', 'blood-stained', 'weapons', 'dead', 'bodies']",{},{},{},[],[],[],[],[],[],[],[],[],[],[],[],[],[],[],[],[],[],[],[],[],[],[],[],[],[],[],[],[],[],[],[],[],[],[],[],[],['discover'],[],"['is', 'is']","['is', 'is']",[],[],[],[],[],[],[],[],['stained'],[],[],[],[],[],[],[],[],['blood'],[],"['the', 'blood']",[],[]
11,"In a moment of madness, she realizes that Charles has killed his previous wives, and she must dispose of the key lest she become his next victim.","['realizes', 'has', 'killed', 'must', 'dispose', 'become']","['moment', 'madness', 'wives', 'key', 'victim']","['previous', 'next']",[],"['a', 'the']",[],"['that', 'and', 'lest']",[],[],"['In', 'of', 'that', 'of', 'lest']","['she', 'his', 'she', 'she', 'his']",[],[],[],[],[],"['moment', 'madness', 'realizes', 'Charles', 'killed', 'previous', 'wives', 'dispose', 'key', 'lest', 'become', 'victim']","['In', 'a', 'of', 'she', 'that', 'has', 'his', 'and', 'she', 'must', 'of', 'the', 'she', 'his', 'next']",{},{},['wives'],"['moment', 'madness', 'key', 'victim']",['Charles'],['Charles'],"['a', 'moment', 'madness', 'she', 'Charles', 'his', 'previous', 'wives', 'she', 'the', 'key', 'she', 'his', 'next', 'victim']","[',', ',', '.']",['.'],"[',', ',']",[],[],[],[],"['previous', 'next']",[],[],[],[],[],[],[],"['must', 'key']",[],"['In', 'In', 'In', 'In', 'In', 'In', 'In', 'In', 'of', 'of', 'that', 'that', 'that', 'that', 'that', 'that', 'that', 'that', 'that', 'that', 'of', 'of', 'the', 'the', 'the', 'the', 'the', 'the', 'lest']","['and', 'next']","['a', 'moment', 'of', 'of', 'the']","['In', 'that']",[],[],"['In', 'a', 'moment', 'of', 'madness,', 'she', 'realizes', 'that', 'Charles', 'has', 'killed', 'his', 'previous', 'wives,', 'and', 'she', 'must', 'dispose', 'of', 'the', 'key', 'lest', 'she', 'become', 'his', 'next', 'victim.']",[],[],[],set(),set(),set(),"['In', 'a', 'moment', 'of', 'madness,', 'she', 'realizes', 'that', 'Charles', 'has', 'killed', 'his', 'previous', 'wives,', 'and', 'she', 'must', 'dispose', 'of', 'the', 'key', 'lest', 'she', 'become', 'his', 'next', 'victim.']","[',', ',', '.']","['In', 'a', 'moment', 'of', 'madness,', 'she', 'realizes', 'that', 'Charles', 'has', 'killed', 'his', 'previous', 'wives,', 'and', 'she', 'must', 'dispose', 'of', 'the', 'key', 'lest', 'she', 'become', 'his', 'next', 'victim.']","[',', ',', '.']",[],[],[],"['In', 'a', 'moment', 'of', 'madness,', 'she', 'realizes', 'that', 'Charles', 'has', 'killed', 'his', 'previous', 'wives,', 'and', 'she', 'must', 'dispose', 'of', 'the', 'key', 'lest', 'she', 'become', 'his', 'next', 'victim.']",[],[],[],['realizes'],[],"['has', 'killed']",[],[],[],[],[],[],[],[],[],[],[],[],[],[],[],[],[],[],[],[],[],[],[],[],[],[],[],[],[],[],[],"['must', 'dispose']",[],[],[],[],[],[],[],[],[],[],[],[],[],[],[],[],[],[],[],[],{},{},{},{},{},{},{},"['In', 'a', 'moment', 'of', 'madness', ',', 'she', 'that', 'Charles', 'his', 'previous', 'wives', ',', 'and', 'she', 'must', 'dispose', 'of', 'the', 'key', 'lest', 'she', 'become', 'his', 'next', 'victim', '.']","['a', 'moment', 'madness', 'she', 'Charles', 'his', 'previous', 'wives', 'she', 'the', 'key', 'she', 'his', 'next', 'victim']",{},{},{},[],[],"['she', 'she', 'she']",[],[],[],[],[],[],[],[],[],[],[],[],[],"['his', 'his']",[],[],[],[],[],[],[],[],[],[],[],[],[],[],[],[],[],[],"['she', 'his', 'she', 'she', 'his']",[],"['dispose', 'become']",[],"['realizes', 'has', 'killed']","['realizes', 'has', 'killed']",[],[],"['must', 'dispose']",[],[],['madness'],"['madness', 'victim']",['madness'],[],[],[],[],['killed'],[],[],[],[],[],[],['the'],[],[]
12,Alice returns the key to Charles and tells him it does not fit any of the doors.,"['returns', 'tells', 'does', 'fit']","['key', 'doors']",[],[],"['the', 'the']",[],['and'],['not'],[],"['to', 'of']","['him', 'it', 'any']",[],[],[],[],[],"['Alice', 'returns', 'key', 'Charles', 'tells', 'fit', 'doors']","['the', 'to', 'and', 'him', 'it', 'does', 'not', 'any', 'of', 'the']",{},{},['doors'],['key'],"['Alice', 'Charles']","['Alice', 'Charles']","['Alice', 'the', 'key', 'Charles', 'him', 'it', 'any', 'the', 'doors']",['.'],['.'],[],[],[],[],[],[],[],[],['not'],[],[],[],['not'],"['key', 'it']",[],"['the', 'the', 'the', 'the', 'the', 'the', 'to', 'to', 'to', 'to', 'to', 'of', 'of', 'the', 'the', 'the', 'the', 'the', 'the']",['and'],"['the', 'to', 'of', 'the']",[],[],[],"['Alice', 'returns', 'the', 'key', 'to', 'Charles', 'and', 'tells', 'him', 'it', 'does', 'not', 'fit', 'any', 'of', 'the', 'doors.']",[],[],[],set(),set(),set(),[],[],"['Alice', 'returns', 'the', 'key', 'to', 'Charles', 'and', 'tells', 'him', 'it', 'does', 'not', 'fit', 'any', 'of', 'the', 'doors.']",['.'],[],[],[],[],[],[],[],"['returns', 'tells', 'does', 'fit']",[],[],[],[],[],[],[],[],[],[],[],[],[],[],[],[],[],[],[],[],[],[],[],[],[],[],[],[],[],[],[],[],[],[],[],[],[],[],[],[],[],[],[],[],[],[],[],[],[],[],[],[],[],[],{},{},{},{},{},{},{},"['Alice', 'the', 'key', 'to', 'Charles', 'and', 'him', 'it', 'not', 'any', 'of', 'the', 'doors', '.']","['Alice', 'the', 'key', 'Charles', 'him', 'it', 'any', 'the', 'doors']",{},{},{},[],[],[],['it'],[],[],[],[],[],['him'],[],[],[],[],[],[],[],[],[],[],[],[],[],[],[],[],[],[],[],[],[],[],[],[],[],"['him', 'it']",[],['fit'],[],"['returns', 'tells', 'does', 'fit']","['returns', 'tells', 'does', 'fit']",[],[],[],[],[],[],[],[],[],[],[],[],[],[],['does'],[],[],[],[],"['the', 'the']",[],[]
13,"He is furious, but soon calms down.","['is', 'calms']",[],['furious'],['soon'],[],[],['but'],[],[],[],['He'],[],[],[],[],[],"['furious', 'soon', 'calms']","['He', 'is', 'but', 'down']",{},{},[],[],[],[],['He'],"[',', '.']",['.'],"[',']",[],[],[],[],['furious'],['furious'],[],['soon'],['soon'],['soon'],[],['but'],['is'],[],[],['down'],['soon'],[],[],[],"['He', 'is', 'furious,', 'but', 'soon', 'calms', 'down.']",[],[],[],set(),set(),set(),[],[],"['He', 'is', 'furious,', 'but', 'soon', 'calms', 'down.']","[',', '.']",[],[],[],[],[],[],[],"['is', 'calms']",[],[],[],[],[],[],[],[],[],[],[],[],[],[],[],[],[],[],[],[],[],[],[],[],[],[],[],[],[],[],[],[],[],[],[],[],[],[],[],[],[],[],[],[],[],[],[],[],[],[],[],[],[],[],{},{},{},{},{},{},{},"['He', 'furious', ',', 'but', 'soon', 'down', '.']",['He'],{},{},{},[],['He'],[],[],[],[],[],[],[],[],[],[],[],[],[],[],[],[],[],[],[],[],[],[],[],[],[],[],[],[],[],[],[],[],[],['He'],[],[],[],"['is', 'calms']","['is', 'calms']",[],[],[],[],[],[],[],[],[],[],[],[],['furious'],[],[],[],[],[],[],[],[],[]
14,He insists that she search the room more thoroughly.,"['insists', 'search']",['room'],[],"['more', 'thoroughly']",['the'],[],['that'],[],[],['that'],"['He', 'she']",[],[],[],[],[],"['insists', 'search', 'room', 'thoroughly']","['He', 'that', 'she', 'the', 'more']",{},{},[],['room'],[],[],"['He', 'she', 'the', 'room']",['.'],['.'],[],[],[],[],[],[],['more'],[],[],"['more', 'thoroughly']",['thoroughly'],[],[],[],[],"['that', 'that', 'that', 'that', 'that', 'that', 'that', 'that', 'that', 'that', 'the', 'the', 'the', 'the', 'the', 'the']",[],['the'],['that'],[],[],"['He', 'insists', 'that', 'she', 'search', 'the', 'room', 'more', 'thoroughly.']",[],[],[],set(),set(),set(),"['He', 'insists', 'that', 'she', 'search', 'the', 'room', 'more', 'thoroughly.']",['.'],[],[],[],[],[],[],[],[],[],['insists'],[],[],[],[],[],[],[],[],[],[],[],[],[],[],[],[],[],[],[],[],[],[],[],[],[],[],[],[],[],[],[],[],[],[],[],[],[],[],[],[],[],[],[],[],[],[],[],[],[],[],[],[],[],[],{},{},{},{},{},{},{},"['He', 'that', 'she', 'search', 'the', 'room', 'more', 'thoroughly', '.']","['He', 'she', 'the', 'room']",{},{},{},[],['He'],['she'],[],[],[],[],[],[],[],[],[],[],[],[],[],[],[],[],[],[],[],[],[],[],[],[],[],[],[],[],[],[],[],[],"['He', 'she']",[],['search'],[],['insists'],['insists'],[],[],[],[],[],[],[],[],[],[],[],[],[],[],[],[],[],[],[],['the'],[],[]
15,"Suddenly, Alice notices that the key has returned to its original spot—it has magically reappeared.","['notices', 'has', 'returned', 'has', 'reappeared']","['key', 'spot']",['original'],"['Suddenly', 'magically']",['the'],[],['that'],[],[],"['that', 'to']","['its', 'it']",[],[],[],[],[],"['Suddenly', 'Alice', 'notices', 'key', 'returned', 'original', 'spot', 'magically', 'reappeared']","['that', 'the', 'has', 'to', 'its', 'it', 'has']",{},{},[],"['key', 'spot']",['Alice'],['Alice'],"['Alice', 'the', 'key', 'its', 'original', 'spot', 'it']","[',', '—', '.']",['.'],"[',']",[],[],['—'],[],['original'],[],[],"['Suddenly', 'magically']","['Suddenly', 'magically']","['Suddenly', 'magically']",[],[],"['key', 'it']",[],"['that', 'that', 'that', 'that', 'that', 'that', 'that', 'that', 'that', 'that', 'the', 'the', 'the', 'the', 'the', 'the', 'to', 'to', 'to', 'to', 'to']",[],"['Suddenly', 'the', 'to']",['that'],[],[],"['Suddenly,', 'Alice', 'notices', 'that', 'the', 'key', 'has', 'returned', 'to', 'its', 'original', 'spot—it', 'has', 'magically', 'reappeared.']",[],[],[],set(),set(),set(),"['Suddenly,', 'Alice', 'notices', 'that', 'the', 'key', 'has', 'returned', 'to', 'its', 'original', 'spot—it', 'has', 'magically', 'reappeared.']","[',', '—', '.']",[],[],[],[],[],[],[],[],[],['notices'],[],"['has', 'returned', 'has', 'reappeared']",[],[],[],[],[],[],[],[],[],[],[],[],[],[],[],[],[],[],[],[],[],[],[],[],[],[],[],[],[],[],[],[],[],[],[],[],[],[],[],[],[],[],[],[],[],[],[],[],[],[],[],[],{},{},{},{},{},{},{},"['Suddenly', ',', 'Alice', 'that', 'the', 'key', 'to', 'its', 'original', 'spot', '—', 'it', 'magically', '.']","['Alice', 'the', 'key', 'its', 'original', 'spot', 'it']",{},{},{},[],[],[],['it'],[],[],[],[],[],[],[],[],[],[],[],[],[],[],['its'],[],[],[],[],[],[],[],[],[],[],[],[],[],[],[],[],"['its', 'it']",[],[],[],"['notices', 'has', 'returned', 'has', 'reappeared']","['notices', 'has', 'returned', 'has', 'reappeared']",[],[],[],[],[],[],[],[],[],[],[],[],[],[],[],[],[],[],[],['the'],[],[]
16,Charles snatches it up and tells Alice that henceforth she will be locked in the room while he is away.,"['snatches', 'tells', 'will', 'be', 'locked', 'is']",['room'],[],"['henceforth', 'away']",['the'],[],"['and', 'that', 'while']",[],[],"['that', 'in', 'while']","['it', 'she', 'he']",[],[],[],[],[],"['Charles', 'snatches', 'tells', 'Alice', 'henceforth', 'locked', 'room', 'away']","['it', 'up', 'and', 'that', 'she', 'will', 'be', 'in', 'the', 'while', 'he', 'is']",{},{},[],['room'],"['Charles', 'Alice']","['Charles', 'Alice']","['Charles', 'it', 'Alice', 'she', 'the', 'room', 'he']",['.'],['.'],[],[],[],[],[],[],[],[],"['henceforth', 'away']","['henceforth', 'away']","['henceforth', 'away']",[],[],"['it', 'be', 'is']",[],"['that', 'that', 'that', 'that', 'that', 'that', 'that', 'that', 'that', 'that', 'in', 'in', 'in', 'in', 'in', 'in', 'in', 'in', 'the', 'the', 'the', 'the', 'the', 'the']",['and'],"['up', 'henceforth', 'the']","['that', 'in']",[],[],"['Charles', 'snatches', 'it', 'up', 'and', 'tells', 'Alice', 'that', 'henceforth', 'she', 'will', 'be', 'locked', 'in', 'the', 'room', 'while', 'he', 'is', 'away.']",[],[],[],set(),set(),set(),"['Charles', 'snatches', 'it', 'up', 'and', 'tells', 'Alice', 'that', 'henceforth', 'she', 'will', 'be', 'locked', 'in', 'the', 'room', 'while', 'he', 'is', 'away.']",['.'],"['Charles', 'snatches', 'it', 'up', 'and', 'tells', 'Alice', 'that', 'henceforth', 'she', 'will', 'be', 'locked', 'in', 'the', 'room', 'while', 'he', 'is', 'away.']",['.'],[],[],[],[],[],[],[],"['snatches', 'tells', 'is']",[],[],[],[],[],[],[],[],[],[],[],[],[],[],[],[],[],[],"['will', 'be', 'locked']",[],[],[],[],[],[],[],[],[],[],[],[],[],[],[],[],[],[],[],[],[],[],[],[],[],[],[],[],[],[],[],[],[],[],[],{},{},{},{},{},{},{},"['Charles', 'it', 'up', 'and', 'Alice', 'that', 'henceforth', 'she', 'in', 'the', 'room', 'while', 'he', 'away', '.']","['Charles', 'it', 'Alice', 'she', 'the', 'room', 'he']",{},{},{},[],['he'],['she'],[],[],[],[],[],[],[],[],['it'],[],[],[],[],[],[],[],[],[],[],[],[],[],[],[],[],[],[],[],[],[],[],[],"['it', 'she', 'he']",[],['be'],"['will', 'be', 'locked']","['snatches', 'tells', 'is']","['snatches', 'tells', 'is']",[],"['will', 'be', 'locked']",[],[],[],[],[],[],[],[],[],[],['snatches'],['snatches'],[],[],[],[],['snatches'],['the'],[],[]
17,"Alice is terrified, but she seems to have no choice.","['is', 'terrified', 'seems', 'have']",['choice'],[],[],['no'],[],['but'],['to'],[],[],['she'],[],[],[],[],[],"['Alice', 'terrified', 'seems', 'choice']","['is', 'but', 'she', 'to', 'have', 'no']",{},{},[],['choice'],['Alice'],['Alice'],"['Alice', 'she', 'no', 'choice']","[',', '.']",['.'],"[',']",[],[],[],[],[],[],[],[],[],[],[],['but'],['is'],[],"['to', 'to', 'to', 'to', 'to']",[],['to'],[],[],[],"['Alice', 'is', 'terrified,', 'but', 'she', 'seems', 'to', 'have', 'no', 'choice.']",[],[],[],set(),set(),set(),[],[],"['Alice', 'is', 'terrified,', 'but', 'she', 'seems', 'to', 'have', 'no', 'choice.']","[',', '.']",[],[],[],[],[],[],[],"['is', 'seems']",[],[],[],[],[],[],[],[],[],[],[],[],[],[],[],[],[],[],[],[],[],[],[],[],[],[],[],[],[],[],[],[],[],[],[],[],[],[],[],[],[],[],[],[],[],[],[],[],[],[],[],[],[],[],{},{},{},{},{},{},{},"['Alice', 'terrified', ',', 'but', 'she', 'to', 'have', 'no', 'choice', '.']","['Alice', 'she', 'no', 'choice']",{},{},{},[],[],['she'],[],[],[],[],[],[],[],[],[],[],[],[],[],[],[],[],[],[],[],[],[],[],[],[],[],[],[],[],[],[],[],[],['she'],[],['have'],[],"['is', 'seems']","['is', 'seems']",[],[],[],[],[],[],[],[],[],[],[],[],[],[],[],[],[],[],[],[],[],[]
18,"When Charles leaves, Alice is haunted by the memory of the murdered wives.","['leaves', 'is', 'haunted', 'murdered']","['memory', 'wives']",[],[],"['the', 'the']",[],['When'],[],[],"['by', 'of']",[],[],[],[],[],[],"['Charles', 'leaves', 'Alice', 'haunted', 'memory', 'murdered', 'wives']","['When', 'is', 'by', 'the', 'of', 'the']",{},{},['wives'],['memory'],"['Charles', 'Alice']","['Charles', 'Alice']","['Charles', 'Alice', 'the', 'memory', 'the', 'murdered', 'wives']","[',', '.']",['.'],"[',']",[],[],[],[],[],[],[],[],[],[],[],[],['is'],[],"['the', 'the', 'the', 'the', 'the', 'the', 'of', 'of', 'the', 'the', 'the', 'the', 'the', 'the']",[],"['When', 'by', 'the', 'of', 'the']",[],[],[],"['When', 'Charles', 'leaves,', 'Alice', 'is', 'haunted', 'by', 'the', 'memory', 'of', 'the', 'murdered', 'wives.']",[],[],[],set(),set(),set(),"['When', 'Charles', 'leaves,', 'Alice', 'is', 'haunted', 'by', 'the', 'memory', 'of', 'the', 'murdered', 'wives.']","[',', '.']",[],[],[],[],[],[],[],[],[],['leaves'],[],[],[],"['is', 'haunted']",[],[],[],[],[],[],[],[],[],[],[],[],[],[],[],[],[],[],[],[],[],[],[],[],[],[],[],[],[],[],[],[],[],[],[],[],[],[],[],[],[],[],[],[],[],[],[],[],[],[],{},{},{},{},{},{},{},"['When', 'Charles', ',', 'Alice', 'by', 'the', 'memory', 'of', 'the', 'murdered', 'wives', '.']","['Charles', 'Alice', 'the', 'memory', 'the', 'murdered', 'wives']",{},{},{},[],[],[],[],[],[],[],[],[],[],[],[],[],[],[],[],[],[],[],[],[],[],[],[],[],[],[],[],[],[],[],[],[],[],[],[],[],[],"['is', 'haunted']",['leaves'],"['leaves', 'is', 'haunted']",[],[],[],[],[],[],[],[],[],[],[],[],['murdered'],[],[],[],[],[],[],"['the', 'the']",[],[]
19,"The bodies seem to come to life, and the ghosts plead with Alice to avenge their deaths.","['seem', 'come', 'plead', 'avenge']","['bodies', 'life', 'ghosts', 'deaths']",[],[],"['The', 'the']",[],['and'],"['to', 'to']",[],"['to', 'with']",['their'],[],[],[],[],[],"['bodies', 'seem', 'come', 'life', 'ghosts', 'plead', 'Alice', 'avenge', 'deaths']","['The', 'to', 'to', 'and', 'the', 'with', 'to', 'their']",{},{},"['bodies', 'ghosts', 'deaths']",['life'],['Alice'],['Alice'],"['The', 'bodies', 'life', 'the', 'ghosts', 'Alice', 'their', 'deaths']","[',', '.']",['.'],"[',']",[],[],[],[],[],[],[],[],[],[],[],[],[],[],"['The', 'The', 'The', 'The', 'The', 'The', 'to', 'to', 'to', 'to', 'to', 'to', 'to', 'to', 'to', 'to', 'the', 'the', 'the', 'the', 'the', 'the', 'with', 'with', 'to', 'to', 'to', 'to', 'to']",['and'],"['The', 'to', 'to', 'the', 'with', 'to']",[],[],[],"['The', 'bodies', 'seem', 'to', 'come', 'to', 'life,', 'and', 'the', 'ghosts', 'plead', 'with', 'Alice', 'to', 'avenge', 'their', 'deaths.']",[],[],[],set(),set(),set(),[],[],"['The', 'bodies', 'seem', 'to', 'come', 'to', 'life,', 'and', 'the', 'ghosts', 'plead', 'with', 'Alice', 'to', 'avenge', 'their', 'deaths.']","[',', '.']",[],[],[],[],[],[],[],"['seem', 'plead']",[],[],[],[],[],[],[],[],[],[],[],[],[],[],[],[],[],[],[],[],[],[],[],[],[],[],[],[],[],[],[],[],[],[],[],[],[],[],[],[],[],[],[],[],[],[],[],[],[],[],[],[],[],[],{},{},{},{},{},{},{},"['The', 'bodies', 'to', 'come', 'to', 'life', ',', 'and', 'the', 'ghosts', 'with', 'Alice', 'to', 'avenge', 'their', 'deaths', '.']","['The', 'bodies', 'life', 'the', 'ghosts', 'Alice', 'their', 'deaths']",{},{},{},[],[],[],[],[],[],[],[],[],[],[],[],[],[],[],[],[],[],[],[],['their'],[],[],[],[],[],[],[],[],[],[],[],[],[],[],[],['their'],"['come', 'avenge']",[],"['seem', 'plead']","['seem', 'plead']",[],[],[],[],[],[],[],[],[],[],[],[],[],[],[],[],[],[],[],"['The', 'the']",[],[]
20,"Soon, Alice fashions a noose and hanged herself from the peal of the bell tower, joining the other wives.","['fashions', 'hanged', 'joining']","['noose', 'peal', 'bell', 'tower', 'wives']",['other'],['Soon'],"['a', 'the', 'the', 'the']",[],['and'],[],[],"['from', 'of']",['herself'],[],[],[],[],[],"['Soon', 'Alice', 'fashions', 'noose', 'hanged', 'peal', 'bell', 'tower', 'joining', 'wives']","['a', 'and', 'herself', 'from', 'the', 'of', 'the', 'the', 'other']",{},{},['wives'],"['noose', 'peal', 'bell', 'tower']",['Alice'],['Alice'],"['Alice', 'a', 'noose', 'herself', 'the', 'peal', 'the', 'bell', 'tower', 'the', 'other', 'wives']","[',', ',', '.']",['.'],"[',', ',']",[],[],[],[],['other'],[],[],['Soon'],['Soon'],['Soon'],[],[],['other'],[],"['the', 'the', 'the', 'the', 'the', 'the', 'of', 'of', 'the', 'the', 'the', 'the', 'the', 'the', 'the', 'the', 'the', 'the', 'the', 'the']","['and', 'from']","['Soon', 'a', 'the', 'of', 'the', 'the']",[],[],[],"['Soon,', 'Alice', 'fashions', 'a', 'noose', 'and', 'hanged', 'herself', 'from', 'the', 'peal', 'of', 'the', 'bell', 'tower,', 'joining', 'the', 'other', 'wives.']",[],[],[],set(),set(),set(),[],[],"['Soon,', 'Alice', 'fashions', 'a', 'noose', 'and', 'hanged', 'herself', 'from', 'the', 'peal', 'of', 'the', 'bell', 'tower,', 'joining', 'the', 'other', 'wives.']","[',', ',', '.']",[],[],[],[],[],[],[],['fashions'],[],[],[],[],[],[],[],[],[],[],[],[],[],[],[],[],[],[],[],[],[],[],[],[],[],[],[],[],[],[],[],[],[],[],[],[],[],[],[],[],[],[],[],[],[],[],[],[],[],[],[],[],[],[],{},{},{},{},{},{},{},"['Soon', ',', 'Alice', 'a', 'noose', 'and', 'hanged', 'herself', 'from', 'the', 'peal', 'of', 'the', 'bell', 'tower', ',', 'joining', 'the', 'other', 'wives', '.']","['Alice', 'a', 'noose', 'herself', 'the', 'peal', 'the', 'bell', 'tower', 'the', 'other', 'wives']",{},{},{},[],[],[],[],[],[],[],[],[],[],[],[],[],[],[],[],[],[],[],[],[],[],[],[],[],[],[],[],['herself'],[],[],[],[],[],[],['herself'],[],[],[],['fashions'],['fashions'],[],[],[],[],[],[],[],[],[],[],[],[],[],[],[],[],[],[],[],"['the', 'the', 'the']",[],[]
21,"Upon his return, Charles, who has genuinely loved Alice, is horrified by her death.","['has', 'loved', 'is', 'horrified']","['return', 'death']",[],['genuinely'],[],[],['Upon'],[],[],"['Upon', 'by']","['his', 'who', 'her']",[],[],[],[],[],"['return', 'Charles', 'genuinely', 'loved', 'Alice', 'horrified', 'her', 'death']","['Upon', 'his', 'who', 'has', 'is', 'by']",{},{},[],"['return', 'death']","['Charles', 'Alice']","['Charles', 'Alice']","['his', 'return', 'Charles', 'who', 'Alice', 'her', 'death']","[',', ',', ',', '.']",['.'],"[',', ',', ',']",[],[],[],[],[],[],[],['genuinely'],['genuinely'],['genuinely'],[],[],['is'],[],[],[],['by'],[],[],[],"['Upon', 'his', 'return,', 'Charles,', 'who', 'has', 'genuinely', 'loved', 'Alice,', 'is', 'horrified', 'by', 'her', 'death.']",[],[],[],set(),set(),set(),"['Upon', 'his', 'return,', 'Charles,', 'who', 'has', 'genuinely', 'loved', 'Alice,', 'is', 'horrified', 'by', 'her', 'death.']","[',', ',', ',', '.']",[],[],[],[],[],"['Upon', 'his', 'return,', 'Charles,', 'who', 'has', 'genuinely', 'loved', 'Alice,', 'is', 'horrified', 'by', 'her', 'death.']",[],[],[],[],[],"['has', 'loved']",[],"['is', 'horrified']",[],[],[],[],[],[],[],[],[],[],[],[],[],[],[],[],[],[],[],[],[],[],[],[],[],[],[],[],[],[],[],[],[],[],[],[],[],[],[],[],[],[],[],[],[],[],[],[],[],[],{},{},{},{},{},{},{},"['Upon', 'his', 'return', ',', 'Charles', ',', 'who', 'genuinely', 'Alice', ',', 'by', 'her', 'death', '.']","['his', 'return', 'Charles', 'who', 'Alice', 'her', 'death']",{},{},{},[],[],[],[],[],[],[],[],[],[],[],[],[],[],[],[],['his'],['her'],[],[],[],[],[],[],[],[],[],[],[],[],[],[],[],[],[],"['his', 'her']",[],[],"['is', 'horrified']","['has', 'loved']","['has', 'loved', 'is', 'horrified']",[],[],[],[],[],[],[],[],[],[],[],[],[],[],['loved'],[],[],[],[],[],[],[]
22,"He vows to never marry again, and spends the rest of his life alone and haunted by his victims.","['vows', 'marry', 'spends', 'haunted']","['rest', 'life', 'victims']",['alone'],"['never', 'again']",['the'],[],"['and', 'and']",['to'],[],"['of', 'by']","['He', 'his', 'his']",[],[],[],[],[],"['vows', 'marry', 'spends', 'rest', 'life', 'haunted', 'victims']","['He', 'to', 'never', 'again', 'and', 'the', 'of', 'his', 'alone', 'and', 'by', 'his']",{},{},['victims'],"['rest', 'life']",[],[],"['He', 'the', 'rest', 'his', 'life', 'his', 'victims']","[',', '.']",['.'],"[',']",[],[],[],[],['alone'],[],[],"['never', 'again']",['again'],['again'],[],['again'],[],[],"['to', 'to', 'to', 'to', 'to', 'the', 'the', 'the', 'the', 'the', 'the', 'of', 'of']","['and', 'and']","['to', 'the', 'of', 'by']",[],[],[],"['He', 'vows', 'to', 'never', 'marry', 'again,', 'and', 'spends', 'the', 'rest', 'of', 'his', 'life', 'alone', 'and', 'haunted', 'by', 'his', 'victims.']",[],[],[],set(),set(),set(),[],[],"['He', 'vows', 'to', 'never', 'marry', 'again,', 'and', 'spends', 'the', 'rest', 'of', 'his', 'life', 'alone', 'and', 'haunted', 'by', 'his', 'victims.']","[',', '.']",[],[],[],[],[],[],[],"['vows', 'spends']",[],[],[],[],[],[],[],[],[],[],[],[],[],[],[],[],[],[],[],[],[],[],[],[],[],[],[],[],[],[],[],[],[],[],[],[],[],[],[],[],[],[],[],[],[],[],[],[],[],[],[],[],[],[],{},{},{},{},{},{},{},"['He', 'to', 'never', 'marry', 'again', ',', 'and', 'the', 'rest', 'of', 'his', 'life', 'alone', 'and', 'haunted', 'by', 'his', 'victims', '.']","['He', 'the', 'rest', 'his', 'life', 'his', 'victims']",{},{},{},[],['He'],[],[],[],[],[],[],[],[],[],[],[],[],[],[],"['his', 'his']",[],[],[],[],[],[],[],[],[],[],[],[],[],[],[],[],[],[],"['He', 'his', 'his']",[],['marry'],[],"['vows', 'spends']","['vows', 'spends']",[],[],[],[],[],[],['victims'],[],[],[],[],[],[],[],[],[],[],[],[],['the'],[],[]
